5a74665da2f466e24208400150390f04e55620e8afa998cf5734387d.2.0.png, 1
6565c007d6f2b3bd0fdc3667ffa2bd24eb5e75c78d62b3c7ebd86b18.7.0.png, 1
68513859f35339b08431703d1af25f3790e09f406a0418ffa931e36f.3.0.png, 1
5a74665da2f466e24208400150390f04e55620e8afa998cf5734387d.7.0.png, 1
b362ac795bd83e4de7f723663b236f6af6e04991f3db140353923b52.3.0.png, 1
443a772aa4a1ff4c01f3448b9c49924c8e5cbeaa3fea62830d303845.2.0.png, 1
fe333913a086d8e4d56d48dd25c8168117a1e6e32495b9ec924897b5.3.0.png, 1
6565c007d6f2b3bd0fdc3667ffa2bd24eb5e75c78d62b3c7ebd86b18.2.0.png, 1
bf18d6242ae8dc01e8a69fd7e364df6e75c54041c9d1f9f390f12127.2.0.png, 1
bf18d6242ae8dc01e8a69fd7e364df6e75c54041c9d1f9f390f12127.7.0.png, 1
b362ac795bd83e4de7f723663b236f6af6e04991f3db140353923b52.8.0.png, 1
45b73fd74985e705d4267d615dab60b2b7767b80de6a1c9cf7d19310.7.0.png, 1
68513859f35339b08431703d1af25f3790e09f406a0418ffa931e36f.7.0.png, 1
2da19f382ea76387def541ccb3fd434df30b1c7d0273e4fb849b9225.3.0.png, 1
689c1d42983794859b4f2b96510d28ef0198845ef3c06b4ff3bc24bb.9.0.png, 1
0682e2a47698e0e705422e919baabaa344ab213ae8abd9f7df0797c8.3.0.png, 1
2da19f382ea76387def541ccb3fd434df30b1c7d0273e4fb849b9225.2.0.png, 1
689c1d42983794859b4f2b96510d28ef0198845ef3c06b4ff3bc24bb.2.0.png, 1
45b73fd74985e705d4267d615dab60b2b7767b80de6a1c9cf7d19310.2.0.png, 1
0682e2a47698e0e705422e919baabaa344ab213ae8abd9f7df0797c8.7.0.png, 1
d6c6c0b505c9155eec25b5206a0652cafa505c4c227da8dc57304611.4.0.png, 1
2da19f382ea76387def541ccb3fd434df30b1c7d0273e4fb849b9225.9.0.png, 1
2da19f382ea76387def541ccb3fd434df30b1c7d0273e4fb849b9225.4.0.png, 1
d6c6c0b505c9155eec25b5206a0652cafa505c4c227da8dc57304611.2.0.png, 1
68513859f35339b08431703d1af25f3790e09f406a0418ffa931e36f.4.0.png, 0
6565c007d6f2b3bd0fdc3667ffa2bd24eb5e75c78d62b3c7ebd86b18.8.0.png, 0
5a74665da2f466e24208400150390f04e55620e8afa998cf5734387d.3.0.png, 0
b362ac795bd83e4de7f723663b236f6af6e04991f3db140353923b52.2.0.png, 0
b362ac795bd83e4de7f723663b236f6af6e04991f3db140353923b52.4.0.png, 0
b362ac795bd83e4de7f723663b236f6af6e04991f3db140353923b52.7.0.png, 0
b362ac795bd83e4de7f723663b236f6af6e04991f3db140353923b52.9.0.png, 0
443a772aa4a1ff4c01f3448b9c49924c8e5cbeaa3fea62830d303845.10.0.png, 0
68513859f35339b08431703d1af25f3790e09f406a0418ffa931e36f.2.0.png, 0
45b73fd74985e705d4267d615dab60b2b7767b80de6a1c9cf7d19310.4.0.png, 0
689c1d42983794859b4f2b96510d28ef0198845ef3c06b4ff3bc24bb.5.0.png, 0
5a74665da2f466e24208400150390f04e55620e8afa998cf5734387d.10.0.png, 0
bf18d6242ae8dc01e8a69fd7e364df6e75c54041c9d1f9f390f12127.10.0.png, 0
bf18d6242ae8dc01e8a69fd7e364df6e75c54041c9d1f9f390f12127.6.0.png, 0
689c1d42983794859b4f2b96510d28ef0198845ef3c06b4ff3bc24bb.6.0.png, 0
443a772aa4a1ff4c01f3448b9c49924c8e5cbeaa3fea62830d303845.9.0.png, 0
0682e2a47698e0e705422e919baabaa344ab213ae8abd9f7df0797c8.6.0.png, 0
443a772aa4a1ff4c01f3448b9c49924c8e5cbeaa3fea62830d303845.5.0.png, 0
5a74665da2f466e24208400150390f04e55620e8afa998cf5734387d.8.0.png, 0
2da19f382ea76387def541ccb3fd434df30b1c7d0273e4fb849b9225.7.0.png, 0
68513859f35339b08431703d1af25f3790e09f406a0418ffa931e36f.8.0.png, 0
fe333913a086d8e4d56d48dd25c8168117a1e6e32495b9ec924897b5.6.0.png, 0
45b73fd74985e705d4267d615dab60b2b7767b80de6a1c9cf7d19310.5.0.png, 0
45b73fd74985e705d4267d615dab60b2b7767b80de6a1c9cf7d19310.9.0.png, 0
2da19f382ea76387def541ccb3fd434df30b1c7d0273e4fb849b9225.8.0.png, 0
fe333913a086d8e4d56d48dd25c8168117a1e6e32495b9ec924897b5.5.0.png, 0
6565c007d6f2b3bd0fdc3667ffa2bd24eb5e75c78d62b3c7ebd86b18.6.0.png, 0
0682e2a47698e0e705422e919baabaa344ab213ae8abd9f7df0797c8.2.0.png, 0
d6c6c0b505c9155eec25b5206a0652cafa505c4c227da8dc57304611.7.0.png, 0
fe333913a086d8e4d56d48dd25c8168117a1e6e32495b9ec924897b5.4.0.png, 0
443a772aa4a1ff4c01f3448b9c49924c8e5cbeaa3fea62830d303845.3.0.png, 0
fe333913a086d8e4d56d48dd25c8168117a1e6e32495b9ec924897b5.10.0.png, 0
5a74665da2f466e24208400150390f04e55620e8afa998cf5734387d.6.0.png, 0
5a74665da2f466e24208400150390f04e55620e8afa998cf5734387d.4.0.png, 0
bf18d6242ae8dc01e8a69fd7e364df6e75c54041c9d1f9f390f12127.9.0.png, 0
d6c6c0b505c9155eec25b5206a0652cafa505c4c227da8dc57304611.9.0.png, 0
68513859f35339b08431703d1af25f3790e09f406a0418ffa931e36f.9.0.png, 0
6565c007d6f2b3bd0fdc3667ffa2bd24eb5e75c78d62b3c7ebd86b18.9.0.png, 0
b362ac795bd83e4de7f723663b236f6af6e04991f3db140353923b52.5.0.png, 0
d6c6c0b505c9155eec25b5206a0652cafa505c4c227da8dc57304611.8.0.png, 0
6565c007d6f2b3bd0fdc3667ffa2bd24eb5e75c78d62b3c7ebd86b18.3.0.png, 0
bf18d6242ae8dc01e8a69fd7e364df6e75c54041c9d1f9f390f12127.5.0.png, 0
45b73fd74985e705d4267d615dab60b2b7767b80de6a1c9cf7d19310.10.0.png, 0
bf18d6242ae8dc01e8a69fd7e364df6e75c54041c9d1f9f390f12127.3.0.png, 0
5a74665da2f466e24208400150390f04e55620e8afa998cf5734387d.9.0.png, 0
45b73fd74985e705d4267d615dab60b2b7767b80de6a1c9cf7d19310.8.0.png, 0
689c1d42983794859b4f2b96510d28ef0198845ef3c06b4ff3bc24bb.4.0.png, 0
689c1d42983794859b4f2b96510d28ef0198845ef3c06b4ff3bc24bb.8.0.png, 0
443a772aa4a1ff4c01f3448b9c49924c8e5cbeaa3fea62830d303845.6.0.png, 0
0682e2a47698e0e705422e919baabaa344ab213ae8abd9f7df0797c8.5.0.png, 0
0682e2a47698e0e705422e919baabaa344ab213ae8abd9f7df0797c8.10.0.png, 0
68513859f35339b08431703d1af25f3790e09f406a0418ffa931e36f.5.0.png, 0
fe333913a086d8e4d56d48dd25c8168117a1e6e32495b9ec924897b5.2.0.png, 0
d6c6c0b505c9155eec25b5206a0652cafa505c4c227da8dc57304611.10.0.png, 0
5a74665da2f466e24208400150390f04e55620e8afa998cf5734387d.5.0.png, 0
443a772aa4a1ff4c01f3448b9c49924c8e5cbeaa3fea62830d303845.4.0.png, 0
bf18d6242ae8dc01e8a69fd7e364df6e75c54041c9d1f9f390f12127.4.0.png, 0
2da19f382ea76387def541ccb3fd434df30b1c7d0273e4fb849b9225.10.0.png, 0
6565c007d6f2b3bd0fdc3667ffa2bd24eb5e75c78d62b3c7ebd86b18.4.0.png, 0
45b73fd74985e705d4267d615dab60b2b7767b80de6a1c9cf7d19310.6.0.png, 0
d6c6c0b505c9155eec25b5206a0652cafa505c4c227da8dc57304611.5.0.png, 0
0682e2a47698e0e705422e919baabaa344ab213ae8abd9f7df0797c8.4.0.png, 0
fe333913a086d8e4d56d48dd25c8168117a1e6e32495b9ec924897b5.7.0.png, 0
68513859f35339b08431703d1af25f3790e09f406a0418ffa931e36f.10.0.png, 0
b362ac795bd83e4de7f723663b236f6af6e04991f3db140353923b52.6.0.png, 0
0682e2a47698e0e705422e919baabaa344ab213ae8abd9f7df0797c8.9.0.png, 0
6565c007d6f2b3bd0fdc3667ffa2bd24eb5e75c78d62b3c7ebd86b18.5.0.png, 0
fe333913a086d8e4d56d48dd25c8168117a1e6e32495b9ec924897b5.8.0.png, 0
443a772aa4a1ff4c01f3448b9c49924c8e5cbeaa3fea62830d303845.8.0.png, 0
45b73fd74985e705d4267d615dab60b2b7767b80de6a1c9cf7d19310.3.0.png, 0
689c1d42983794859b4f2b96510d28ef0198845ef3c06b4ff3bc24bb.3.0.png, 0
b362ac795bd83e4de7f723663b236f6af6e04991f3db140353923b52.10.0.png, 0
689c1d42983794859b4f2b96510d28ef0198845ef3c06b4ff3bc24bb.10.0.png, 0
689c1d42983794859b4f2b96510d28ef0198845ef3c06b4ff3bc24bb.7.0.png, 0
d6c6c0b505c9155eec25b5206a0652cafa505c4c227da8dc57304611.6.0.png, 0
68513859f35339b08431703d1af25f3790e09f406a0418ffa931e36f.6.0.png, 0
fe333913a086d8e4d56d48dd25c8168117a1e6e32495b9ec924897b5.9.0.png, 0
2da19f382ea76387def541ccb3fd434df30b1c7d0273e4fb849b9225.6.0.png, 0
bf18d6242ae8dc01e8a69fd7e364df6e75c54041c9d1f9f390f12127.8.0.png, 0
2da19f382ea76387def541ccb3fd434df30b1c7d0273e4fb849b9225.5.0.png, 0
6565c007d6f2b3bd0fdc3667ffa2bd24eb5e75c78d62b3c7ebd86b18.10.0.png, 0
443a772aa4a1ff4c01f3448b9c49924c8e5cbeaa3fea62830d303845.7.0.png, 0
d6c6c0b505c9155eec25b5206a0652cafa505c4c227da8dc57304611.3.0.png, 0
0682e2a47698e0e705422e919baabaa344ab213ae8abd9f7df0797c8.8.0.png, 0
